season_id,competition_id,model_id,origin,club_seasons,seasons,points_bias,points_rmse,promoted_club_seasons,promoted_points_bias,promoted_overpredicted,rank_rps,rank_sd,points_crps,points_sd,coverage_50,width_50,coverage_80,width_80,coverage_90,width_90,coverage_95,width_95,rank_coverage_50,rank_width_50,rank_coverage_80,rank_width_80,rank_coverage_90,rank_width_90,rank_coverage_95,rank_width_95,automatic_promotion_brier,playoff_qualification_brier,promotion_brier,relegation_brier,title_brier
2015-2016,eng-championship,M2,MW12,24,1,0.639095833333335,8.984681441046384,6,-3.3002499999999997,2,0.08632301459239132,3.824691114235535,5.17975853875,7.402315965184468,0.4166666666666667,9.958333333333334,0.6666666666666666,19.125,0.875,24.208333333333332,0.875,29.0,0.5833333333333334,5.375,0.875,9.833333333333334,0.9583333333333334,12.291666666666666,1.0,14.25,0.057145605833333335,0.10640471,0.054651205,0.0894605,0.03620521000000001
2015-2016,eng-championship,M2,MW19,24,1,0.5080375000000016,7.04138515962946,6,-3.460199999999999,3,0.06602767864130435,2.9614181065997176,4.048265765416666,6.50838722732383,0.4583333333333333,8.625,0.7916666666666666,16.583333333333332,0.9166666666666666,21.458333333333332,0.9166666666666666,25.291666666666668,0.5833333333333334,4.0,0.9166666666666666,7.416666666666667,0.9583333333333334,9.625,1.0,11.083333333333334,0.06403698333333332,0.09733578833333334,0.057277104999999995,0.07075693666666666,0.0487630225
2015-2016,eng-championship,M2,MW30,24,1,0.19107083333333316,5.320421283170788,6,0.08356666666666494,4,0.0488526386231884,2.1909027854825553,3.0340569612500006,4.865073708861214,0.5833333333333334,6.666666666666667,0.6666666666666666,12.541666666666666,0.8333333333333334,16.083333333333332,0.9166666666666666,18.916666666666668,0.625,2.875,0.875,5.541666666666667,0.9583333333333334,7.125,1.0,8.291666666666666,0.05448246833333333,0.06563708666666668,0.014364698333333335,0.05786319333333334,0.052226160833333334
2015-2016,eng-championship,M2,MW6,24,1,0.8742458333333335,10.943084149875206,6,-2.619233333333335,2,0.10546168184782607,4.145561042284755,6.350566370416665,7.938188520429534,0.375,10.708333333333334,0.7083333333333334,20.375,0.75,26.083333333333332,0.875,31.083333333333332,0.5416666666666666,5.708333333333333,0.7916666666666666,10.875,0.875,13.416666666666666,0.9583333333333334,15.416666666666666,0.03761060499999999,0.11478186000000001,0.05237687916666667,0.15203486333333333,0.031062948333333337
2015-2016,eng-championship,M2,preseason,24,1,1.2488041666666667,12.847406639911808,6,-0.1442500000000019,3,0.12570829007246376,5.017072318639407,7.447228642083329,8.661368692327292,0.4166666666666667,11.791666666666666,0.6666666666666666,22.333333333333332,0.7083333333333334,28.541666666666668,0.8333333333333334,33.875,0.5,7.25,0.8333333333333334,13.25,0.9166666666666666,16.166666666666668,1.0,18.291666666666668,0.054351585,0.14558609250000001,0.08719600833333334,0.1300757175,0.03331432333333333
2015-2016,eng-championship,M7,MW12,24,1,0.7316666666666661,9.497157236554175,6,-3.32915,2,0.09309320857789856,4.763854168559721,5.417126778333334,9.512548034062723,0.5,12.791666666666666,0.875,24.5,0.875,31.25,0.9583333333333334,37.041666666666664,0.6666666666666666,6.833333333333333,0.9583333333333334,12.666666666666666,1.0,15.208333333333334,1.0,17.333333333333332,0.05524104083333334,0.10887248166666667,0.06677694,0.08143479395833332,0.0349145025
2015-2016,eng-championship,M7,MW19,24,1,0.5850125,7.1589165367102385,6,-3.5174333333333316,2,0.06689734598731885,3.652586412061566,4.072313530416669,7.8944551633285345,0.5833333333333334,10.708333333333334,0.9166666666666666,20.458333333333332,0.9166666666666666,26.0,0.9583333333333334,30.875,0.7083333333333334,5.208333333333333,0.9583333333333334,9.416666666666666,1.0,11.625,1.0,13.666666666666666,0.05541420249999999,0.08983384999999999,0.06202340083333333,0.06537301,0.04601550833333334
2015-2016,eng-championship,M7,MW30,24,1,0.21261250000000023,5.335625724044305,6,-0.2765333333333331,4,0.04912082707427536,2.476049993351213,3.02091270125,5.42843833088417,0.5833333333333334,7.458333333333333,0.75,14.125,0.875,17.958333333333332,0.9583333333333334,20.875,0.7083333333333334,3.2916666666666665,1.0,6.208333333333333,1.0,8.0,1.0,9.541666666666666,0.046492245833333334,0.0626485375,0.01755043833333333,0.05396587249999999,0.04386643083333333
2015-2016,eng-championship,M7,MW6,24,1,1.027970833333334,11.282585956076293,6,-2.0751666666666693,2,0.10827623800724638,5.30979357563402,6.357435536250001,10.728727514864497,0.5,14.708333333333334,0.7916666666666666,27.541666666666668,0.9166666666666666,35.375,0.9583333333333334,41.666666666666664,0.75,8.041666666666666,0.875,14.041666666666666,0.9583333333333334,16.958333333333332,1.0,19.0,0.04444175,0.121822835,0.06347261666666666,0.12602754833333332,0.033150909166666666
2015-2016,eng-championship,M7,preseason,24,1,1.4450583333333331,13.378381261230121,6,-0.7982333333333335,3,0.1312621772826087,6.066338029325245,7.450912525833335,12.700266431546565,0.5,17.25,0.8333333333333334,32.833333333333336,0.9166666666666666,41.75,0.9166666666666666,49.666666666666664,0.6666666666666666,9.791666666666666,0.9166666666666666,16.416666666666668,0.9583333333333334,19.041666666666668,1.0,20.75,0.060196760833333335,0.13633636250000003,0.08865064083333334,0.10538872166666668,0.0358424575
2016-2017,eng-championship,M2,MW12,24,1,-0.6053874999999987,11.971440901700875,6,4.599200000000002,4,0.13618192008152175,4.1673374737798605,7.267638125416667,7.380633808449413,0.25,9.958333333333334,0.5833333333333334,18.958333333333332,0.7083333333333334,24.333333333333332,0.75,28.916666666666668,0.5,6.083333333333333,0.75,10.833333333333334,0.875,13.333333333333334,0.9166666666666666,15.208333333333334,0.05040731416666667,0.14824037333333331,0.08277352583333332,0.042775958333333336,0.008703925833333334
2016-2017,eng-championship,M2,MW19,24,1,-0.46810833333333246,8.996965761809182,6,3.218700000000004,5,0.09885476974637682,3.9689843587550335,5.2630934274999985,6.5845937333432785,0.375,8.875,0.625,16.875,0.8333333333333334,21.791666666666668,0.875,25.833333333333332,0.5833333333333334,5.791666666666667,0.7916666666666666,10.416666666666666,1.0,12.5,1.0,14.25,0.003956270000000002,0.1382267833333333,0.05166782916666666,0.04440191416666667,0.0026816650000000015
2016-2017,eng-championship,M2,MW30,24,1,-0.03147916666666658,5.137522788230075,6,1.328949999999999,4,0.04928456492753624,2.273061091018062,2.9247415754166703,4.934624473887266,0.5833333333333334,6.75,0.7916666666666666,12.75,0.875,16.125,0.9583333333333334,19.291666666666668,0.625,3.0,1.0,5.833333333333333,1.0,7.333333333333333,1.0,8.5,0.0002373916666666698,0.07871636583333333,0.035189325,0.037451528333333324,0.003676960833333333
2016-2017,eng-championship,M2,MW6,24,1,-0.512033333333334,13.853209427601966,6,4.926049999999996,4,0.16250915695652174,4.685703290553659,8.645940075833336,8.03909768600144,0.20833333333333334,10.75,0.4583333333333333,20.625,0.6666666666666666,26.333333333333332,0.7916666666666666,31.541666666666668,0.4166666666666667,6.791666666666667,0.75,12.083333333333334,0.875,15.083333333333334,0.9166666666666666,17.125,0.04965733166666666,0.16290866249999997,0.08699952416666668,0.053999966666666656,0.018620982499999997
2016-2017,eng-championship,M2,preseason,24,1,-0.6119166666666661,15.98430304819909,6,-0.2468166666666652,4,0.18850821840579712,5.056611112116228,9.93247220583333,8.593375443044664,0.20833333333333334,11.625,0.4583333333333333,22.041666666666668,0.6666666666666666,28.083333333333332,0.7083333333333334,33.708333333333336,0.3333333333333333,7.5,0.6666666666666666,13.291666666666666,0.75,16.291666666666668,0.9166666666666666,18.125,0.09452512,0.1707502641666667,0.1418824375,0.09731391416666668,0.054415849791666665
2016-2017,eng-championship,M7,MW12,24,1,-0.554629166666668,11.616928140559219,6,3.9825666666666657,4,0.12895641289855073,4.904083835328997,6.856660714583332,9.50678039632524,0.375,12.958333333333334,0.7083333333333334,24.625,0.8333333333333334,31.208333333333332,0.875,36.875,0.5833333333333334,7.208333333333333,0.7916666666666666,12.625,0.9583333333333334,15.75,1.0,17.625,0.03975932833333334,0.13798460499999998,0.07101654916666666,0.05216294916666667,0.011726024166666668
2016-2017,eng-championship,M7,MW19,24,1,-0.4142416666666649,8.705436735167282,6,2.875716666666669,5,0.09703708134057971,4.466905253821209,5.021313703333333,7.959452546470918,0.5,10.958333333333334,0.75,20.458333333333332,0.875,26.25,0.9166666666666666,30.916666666666668,0.7083333333333334,6.541666666666667,0.875,11.625,1.0,14.166666666666666,1.0,15.875,0.005864735833333332,0.12323697416666668,0.04969224083333334,0.048883439166666674,0.006911623333333331
2016-2017,eng-championship,M7,MW30,24,1,0.010962500000000356,4.842209628404852,6,1.3087833333333319,4,0.04750580286231884,2.5241820837889217,2.767786044583334,5.503276022076865,0.625,7.375,0.875,14.25,0.9583333333333334,18.166666666666668,0.9583333333333334,21.375,0.75,3.4583333333333335,1.0,6.458333333333333,1.0,8.166666666666666,1.0,9.5,0.0006681916666666678,0.07200891916666666,0.03211495166666667,0.03575040250000001,0.00699753416666667
2016-2017,eng-championship,M7,MW6,24,1,-0.4329874999999979,13.472518856654709,6,3.812033333333339,4,0.1494101199637681,5.714975139190048,7.973502570416666,11.101113052394908,0.375,15.208333333333334,0.75,28.541666666666668,0.7916666666666666,36.583333333333336,0.875,43.291666666666664,0.4583333333333333,8.75,0.9166666666666666,15.25,0.9166666666666666,18.166666666666668,1.0,20.083333333333332,0.0486259425,0.14686259083333333,0.07779515416666667,0.06454342083333334,0.021484404999999998
2016-2017,eng-championship,M7,preseason,24,1,-0.47775416666666803,15.490286873486772,6,0.30444999999999806,4,0.16800397902173914,6.108465498363174,8.978342713750001,13.073191430836966,0.4166666666666667,17.958333333333332,0.7083333333333334,33.875,0.8333333333333334,43.125,0.8333333333333334,50.958333333333336,0.5,10.0,0.7916666666666666,16.625,0.9583333333333334,19.083333333333332,1.0,20.625,0.06415656833333334,0.16096708166666668,0.10580252166666666,0.10515915666666668,0.036632348333333335
2017-2018,eng-championship,M2,MW12,24,1,0.059995833333332214,11.414940733110122,6,2.179350000000001,3,0.11266338923913043,3.8136934943957073,7.014131644583333,7.234070225761457,0.3333333333333333,9.875,0.4583333333333333,18.541666666666668,0.6666666666666666,23.833333333333332,0.8333333333333334,28.208333333333332,0.4166666666666667,5.375,0.7916666666666666,9.833333333333334,0.8333333333333334,12.416666666666666,1.0,14.208333333333334,0.052626559999999996,0.11830785749999999,0.08471763416666667,0.09929600833333335,0.0328526025
2017-2018,eng-championship,M2,MW19,24,1,0.08906666666666634,9.850262114617392,6,-0.2698499999999993,3,0.09681977275362319,3.093972628068606,5.803803360833332,6.565190259348685,0.3333333333333333,8.916666666666666,0.6666666666666666,16.75,0.75,21.666666666666668,0.875,25.75,0.5,4.208333333333333,0.75,8.041666666666666,0.875,9.916666666666666,0.9166666666666666,11.625,0.024125333333333332,0.09306829166666668,0.06796806083333334,0.092324905,0.01108412916666667
2017-2018,eng-championship,M2,MW30,24,1,0.1832291666666661,5.576758534496841,6,-1.8187833333333348,3,0.04896148065217391,2.1773161440792452,3.15133719875,5.013614137027867,0.5,6.791666666666667,0.7916666666666666,12.916666666666666,0.8333333333333334,16.541666666666668,0.9166666666666666,19.541666666666668,0.6666666666666666,2.9583333333333335,0.9166666666666666,5.583333333333333,0.9166666666666666,7.125,1.0,8.375,0.04105207833333333,0.07337947583333333,0.0669256775,0.030049551666666664,0.0009512150000000002
2017-2018,eng-championship,M2,MW6,24,1,0.19349583333333223,14.018710817109753,6,3.4504999999999995,4,0.1466816054710145,4.330466340561822,8.640036440416667,7.948102517074662,0.2916666666666667,10.666666666666666,0.5416666666666666,20.458333333333332,0.5416666666666666,26.166666666666668,0.7083333333333334,30.958333333333332,0.4166666666666667,6.083333333333333,0.625,11.208333333333334,0.7916666666666666,13.958333333333334,0.9166666666666666,16.083333333333332,0.07503197166666666,0.13331479083333334,0.11281808416666667,0.11698024416666665,0.04551343166666666
2017-2018,eng-championship,M2,preseason,24,1,0.2072791666666678,17.028557424820715,6,5.453550000000001,4,0.18727886121376813,4.837039012176262,10.509270199583332,8.546462446175193,0.375,11.583333333333334,0.5,21.875,0.5416666666666666,28.0,0.6666666666666666,33.541666666666664,0.4166666666666667,7.125,0.625,12.541666666666666,0.7916666666666666,15.458333333333334,0.8333333333333334,17.625,0.10777085583333335,0.118212435,0.15323634916666665,0.13840046666666667,0.050186489166666674
2017-2018,eng-championship,M7,MW12,24,1,0.16621249999999912,10.93113855130913,6,1.2143666666666657,3,0.10400991724637683,4.671889055951412,6.389957416249999,9.279990183392927,0.375,12.625,0.625,23.958333333333332,0.875,30.458333333333332,0.9166666666666666,36.416666666666664,0.5,6.833333333333333,0.9166666666666666,12.166666666666666,1.0,14.958333333333334,1.0,16.791666666666668,0.043356717499999996,0.1199480375,0.06847277666666667,0.09062873416666667,0.029076696666666665
2017-2018,eng-championship,M7,MW19,24,1,0.18452499999999983,9.52442080802467,6,-0.626350000000001,3,0.09151167333333332,3.732606727012323,5.411420623333335,7.978543126009299,0.4166666666666667,10.916666666666666,0.7916666666666666,20.5,0.875,26.333333333333332,0.875,30.875,0.5416666666666666,5.375,0.875,9.458333333333334,0.9166666666666666,12.0,0.9583333333333334,13.875,0.019742397499999998,0.09882105750000002,0.05909811083333335,0.08216897249999999,0.011915679166666665
2017-2018,eng-championship,M7,MW30,24,1,0.20534999999999895,5.713727072367038,6,-1.8278666666666687,2,0.050809853224637685,2.4397654337299675,3.2319909533333337,5.596678384218758,0.5,7.708333333333333,0.7916666666666666,14.291666666666666,0.9166666666666666,18.291666666666668,0.9583333333333334,21.75,0.7083333333333334,3.2083333333333335,0.9166666666666666,6.083333333333333,0.9583333333333334,7.833333333333333,1.0,9.291666666666666,0.03836194166666667,0.07326725499999999,0.06229247583333333,0.030279240000000002,0.0016634183333333332
2017-2018,eng-championship,M7,MW6,24,1,0.3424958333333337,13.64832527841481,6,2.240099999999998,2,0.134698264365942,5.414934121115799,7.97897967958333,10.845101591180224,0.4166666666666667,14.708333333333334,0.625,27.916666666666668,0.8333333333333334,35.833333333333336,0.9166666666666666,42.208333333333336,0.5416666666666666,8.25,0.875,14.166666666666666,1.0,17.333333333333332,1.0,19.208333333333332,0.06404871749999999,0.12452920666666668,0.09076854666666667,0.09606000666666668,0.04160624479166666
2017-2018,eng-championship,M7,preseason,24,1,0.45435833333333225,16.45454482716452,6,4.4356166666666645,3,0.16721878607789856,6.012540932650071,9.532330210833335,12.572423453096919,0.3333333333333333,17.083333333333332,0.6666666666666666,32.5,0.875,41.333333333333336,0.875,49.0,0.4166666666666667,9.333333333333334,0.875,16.25,0.9583333333333334,18.875,0.9583333333333334,20.666666666666668,0.08969811083333334,0.12008700083333333,0.119214155,0.10285167166666666,0.04472145833333333
2018-2019,eng-championship,M2,MW12,24,1,0.36501666666666804,10.197183554663512,6,4.126483333333333,5,0.0932403357155797,3.769070681215363,5.68673198416667,7.326472612994792,0.375,9.875,0.7916666666666666,18.916666666666668,0.8333333333333334,23.916666666666668,0.8333333333333334,28.625,0.5,5.125,0.7916666666666666,9.583333333333334,0.9583333333333334,12.208333333333334,0.9583333333333334,14.208333333333334,0.101990595,0.11491591833333333,0.14144445166666667,0.0434017025,0.060114375000000005
2018-2019,eng-championship,M2,MW19,24,1,0.33034166666666653,7.256623673927153,6,2.783316666666663,4,0.06748163550724638,3.293113742506018,4.195728130833336,6.538414363738987,0.4583333333333333,8.958333333333334,0.6666666666666666,16.791666666666668,0.875,21.5,0.9583333333333334,25.541666666666668,0.6666666666666666,4.458333333333333,0.9166666666666666,8.291666666666666,1.0,10.708333333333334,1.0,12.166666666666666,0.07395071916666666,0.0844257075,0.10813314166666667,0.016529225833333338,0.03878802
2018-2019,eng-championship,M2,MW30,24,1,0.13987083333333258,4.707926639588812,6,0.618549999999999,4,0.04759304771739131,2.3291609616792064,2.6325882804166665,4.935087340457233,0.7083333333333334,6.75,0.8333333333333334,12.708333333333334,0.9166666666666666,16.208333333333332,1.0,19.208333333333332,0.6666666666666666,3.25,0.9583333333333334,5.958333333333333,1.0,7.416666666666667,1.0,8.666666666666666,0.04474802,0.103647338125,0.09065925833333333,0.007291191666666669,0.021143458333333334
2018-2019,eng-championship,M2,MW6,24,1,0.7395291666666663,12.23384533699782,6,2.4518500000000016,4,0.11538125189311593,3.855153269394671,6.748501862916669,7.982466015806115,0.5,10.791666666666666,0.7083333333333334,20.458333333333332,0.75,26.208333333333332,0.8333333333333334,31.125,0.5416666666666666,5.375,0.75,10.0,0.8333333333333334,12.375,0.9166666666666666,14.416666666666666,0.10272554,0.08530228499999999,0.13563208416666667,0.072088995,0.05298730166666666
2018-2019,eng-championship,M2,preseason,24,1,0.7100749999999995,13.611247979642915,6,-0.8159666666666668,4,0.14614120897644925,4.686794555245974,7.71460315166667,8.534664364110334,0.3333333333333333,11.458333333333334,0.75,22.041666666666668,0.75,28.125,0.7916666666666666,33.375,0.5,6.75,0.7083333333333334,12.125,0.875,15.125,0.875,17.166666666666668,0.09606108166666666,0.12390921166666667,0.10928368749999999,0.052363069166666665,0.047375170833333334
2018-2019,eng-championship,M7,MW12,24,1,0.5026833333333327,10.292716733407495,6,4.924500000000001,6,0.09283165713768117,4.731453704923635,5.681442298333335,9.481584174727336,0.6666666666666666,12.916666666666666,0.7916666666666666,24.375,0.875,31.333333333333332,0.875,36.916666666666664,0.625,6.75,0.9166666666666666,12.416666666666666,0.9583333333333334,15.166666666666666,0.9583333333333334,17.25,0.08988436083333333,0.11362896833333334,0.12724255333333334,0.05612622833333334,0.053197875
2018-2019,eng-championship,M7,MW19,24,1,0.4322541666666657,7.530799600335721,6,3.5062999999999973,5,0.07105965586050723,3.9857406297131717,4.334924193749997,7.995479319961455,0.5,10.916666666666666,0.7916666666666666,20.541666666666668,0.9166666666666666,26.291666666666668,1.0,31.166666666666668,0.7083333333333334,5.5,1.0,10.291666666666666,1.0,12.708333333333334,1.0,14.833333333333334,0.06673554583333334,0.09152729333333333,0.0989530225,0.029375625833333335,0.03479786333333334
2018-2019,eng-championship,M7,MW30,24,1,0.19447083333333412,4.826136694992173,6,0.9182833333333349,5,0.04932112431159421,2.5883609883977208,2.7248944170833327,5.504312570863928,0.6666666666666666,7.666666666666667,0.8333333333333334,14.208333333333334,0.9166666666666666,18.0,1.0,21.416666666666668,0.7083333333333334,3.5,0.9583333333333334,6.666666666666667,1.0,8.333333333333334,1.0,9.708333333333334,0.04384620250000001,0.10112583333333335,0.08771596749999999,0.0106032425,0.020887354166666667
2018-2019,eng-championship,M7,MW6,24,1,0.922575000000001,12.243558410820224,6,3.4678166666666663,4,0.11369875495471014,5.041415571622245,6.734823466666666,11.008003872880048,0.5416666666666666,14.916666666666666,0.7916666666666666,28.333333333333332,0.875,36.291666666666664,0.875,42.916666666666664,0.625,7.333333333333333,0.875,13.458333333333334,0.9166666666666666,16.166666666666668,0.9583333333333334,18.125,0.09402802,0.10060812333333331,0.12682589833333333,0.08149295499999999,0.047843729999999994
2018-2019,eng-championship,M7,preseason,24,1,0.9890374999999979,13.623860800494475,6,1.9002166666666653,5,0.13968810471014492,5.866508803692935,7.677158382916665,12.836551114268339,0.7083333333333334,17.583333333333332,0.75,33.208333333333336,0.7916666666666666,42.291666666666664,0.9166666666666666,50.083333333333336,0.7083333333333334,9.291666666666666,0.7916666666666666,15.75,0.9166666666666666,18.416666666666668,0.9166666666666666,20.291666666666668,0.08760683749999999,0.12551533333333334,0.10714018333333335,0.07028725749999999,0.04395368833333333
2019-2020,eng-championship,M2,MW12,24,1,0.2730458333333319,9.270258893296887,6,2.9797833333333315,2,0.12892692286231885,3.8267612249729726,5.138542862083335,7.375717723555556,0.5416666666666666,10.125,0.75,18.833333333333332,0.8333333333333334,24.25,0.9166666666666666,28.708333333333332,0.4583333333333333,5.333333333333333,0.75,9.75,0.7916666666666666,12.25,0.9166666666666666,14.375,0.03786279083333333,0.1159345525,0.033793009999999984,0.10161392083333333,0.04380162916666667
2019-2020,eng-championship,M2,MW19,24,1,0.28860416666666655,7.94450290056485,6,-1.2239333333333349,2,0.11144387240036231,3.074448313568213,4.564555886249999,6.556365223138596,0.4583333333333333,8.75,0.75,16.75,0.7916666666666666,21.5,0.9583333333333334,25.666666666666668,0.5416666666666666,4.25,0.7083333333333334,7.833333333333333,0.7916666666666666,10.125,0.875,11.625,0.01398318,0.09117409416666666,0.0179486575,0.12204312333333334,0.04077109416666667
2019-2020,eng-championship,M2,MW30,24,1,0.14325416666666543,6.9866966718006305,6,-3.8956000000000017,1,0.09751738764492753,2.6809808096276995,4.061477169583331,5.089120898781146,0.4583333333333333,7.041666666666667,0.7083333333333334,13.208333333333334,0.75,16.708333333333332,0.8333333333333334,19.875,0.5,3.4583333333333335,0.7083333333333334,6.708333333333333,0.7916666666666666,8.708333333333334,0.8333333333333334,10.166666666666666,0.021152235833333328,0.11342455416666664,0.03425956333333333,0.12846958249999998,0.032114526666666664
2019-2020,eng-championship,M2,MW6,24,1,0.3409624999999969,10.646656693085237,6,5.589366666666661,3,0.14712551032608698,4.0771641511154995,5.749133375416668,7.99046936693933,0.5,10.875,0.7083333333333334,20.666666666666668,0.9166666666666666,26.291666666666668,0.9166666666666666,31.416666666666668,0.4166666666666667,5.875,0.7916666666666666,10.5,0.875,13.083333333333334,0.9166666666666666,15.166666666666666,0.07168139166666666,0.10454757749999999,0.06412095416666666,0.13189129583333334,0.04285454416666667
2019-2020,eng-championship,M2,preseason,24,1,0.2847583333333346,9.773727117550056,6,7.144200000000001,6,0.14623701476449277,5.153060478008606,5.57777774083333,8.604828300275429,0.4166666666666667,11.791666666666666,0.8333333333333334,22.083333333333332,0.875,28.25,0.9583333333333334,33.583333333333336,0.375,7.666666666666667,0.8333333333333334,13.833333333333334,0.875,16.416666666666668,0.9583333333333334,18.666666666666668,0.07748182666666667,0.11413087666666666,0.060015159166666665,0.11247145666666665,0.04836352416666667
2019-2020,eng-championship,M7,MW12,24,1,0.3522708333333335,8.710250825344623,6,1.358349999999998,2,0.12118845054347827,4.861992059737915,4.954857897916668,9.476458416784704,0.625,12.916666666666666,0.7916666666666666,24.458333333333332,0.9166666666666666,31.375,1.0,37.125,0.5833333333333334,7.083333333333333,0.7916666666666666,12.875,0.9166666666666666,15.5,0.9166666666666666,17.625,0.037889765833333346,0.11631643750000002,0.04697654333333334,0.09707782083333331,0.03830474416666666
2019-2020,eng-championship,M7,MW19,24,1,0.35495833333333504,7.725152780312287,6,-1.6935166666666628,1,0.10786446884963768,3.75694614268224,4.3771471233333346,7.983585061664151,0.5,10.75,0.875,20.541666666666668,0.9583333333333334,26.166666666666668,0.9583333333333334,31.25,0.5416666666666666,5.208333333333333,0.75,9.625,0.875,12.125,0.9583333333333334,14.083333333333334,0.01683855416666667,0.1000259975,0.026531593333333336,0.11381162166666665,0.0356373325
2019-2020,eng-championship,M7,MW30,24,1,0.17659583333333226,6.926476988790911,6,-3.8932333333333324,2,0.0957054104347826,3.033716338443249,3.98690993125,5.684349255640801,0.4583333333333333,7.791666666666667,0.75,14.625,0.7916666666666666,18.666666666666668,0.9166666666666666,22.125,0.5416666666666666,4.0,0.75,7.708333333333333,0.8333333333333334,9.833333333333334,0.9166666666666666,11.416666666666666,0.024772555833333338,0.11560112083333335,0.039277051666666674,0.1199318125,0.029431264999999998
2019-2020,eng-championship,M7,MW6,24,1,0.4442333333333339,9.069709082480726,6,3.3218833333333335,3,0.13024853416666668,5.431896687715931,5.1921638875000005,10.903499676707886,0.5416666666666666,14.75,0.9166666666666666,28.25,1.0,36.0,1.0,42.625,0.5,8.166666666666666,0.9166666666666666,14.5,0.9166666666666666,17.416666666666668,0.9583333333333334,19.166666666666668,0.05648407333333333,0.11253245249999999,0.0611972925,0.11501662583333333,0.03581835333333334
2019-2020,eng-championship,M7,preseason,24,1,0.5083374999999988,9.55642068687766,6,4.494966666666664,4,0.1362285455344203,6.153609452483619,5.493459571249997,12.5645955721225,0.7083333333333334,17.25,0.9166666666666666,32.291666666666664,0.9583333333333334,41.25,0.9583333333333334,48.958333333333336,0.625,9.833333333333334,0.9166666666666666,16.833333333333332,0.9166666666666666,19.416666666666668,0.9583333333333334,21.125,0.06882504083333334,0.1143996075,0.07820408749999999,0.09160917166666667,0.04132988166666666
2020-2021,eng-championship,M2,MW12,24,1,-0.4280500000000013,9.922781837771101,6,-6.314316666666666,2,0.11325054550724638,3.6608166173427876,5.769830788333334,7.345428795868917,0.3333333333333333,9.833333333333334,0.75,18.833333333333332,0.7916666666666666,24.25,0.875,28.708333333333332,0.5,5.041666666666667,0.7916666666666666,9.25,0.875,11.666666666666666,0.875,13.791666666666666,0.05597318083333333,0.10785984833333334,0.06329004333333332,0.0688459425,0.020443601666666665
2020-2021,eng-championship,M2,MW19,24,1,-0.49888333333333357,8.625749934933193,6,-3.3342000000000005,2,0.09814973017210145,3.0346142448215208,5.024709924999999,6.504171038590898,0.4166666666666667,8.833333333333334,0.7083333333333334,16.833333333333332,0.7916666666666666,21.333333333333332,0.875,25.458333333333332,0.5,4.166666666666667,0.75,7.666666666666667,0.8333333333333334,9.875,0.8333333333333334,11.416666666666666,0.06354782166666666,0.12035081833333333,0.06689819083333333,0.04875822000000001,0.03141320666666667
2020-2021,eng-championship,M2,MW30,24,1,-0.15512916666666735,6.104723573492088,6,-4.124650000000003,1,0.06527814913043478,2.5463805497639966,3.6383390920833336,4.928307807220416,0.3333333333333333,6.916666666666667,0.75,12.833333333333334,0.8333333333333334,16.208333333333332,0.875,19.166666666666668,0.5416666666666666,3.5416666666666665,0.7916666666666666,6.458333333333333,0.9166666666666666,8.125,0.9166666666666666,9.625,0.03650399166666667,0.09189435666666668,0.029940715000000003,0.077697535,0.007100945833333336
2020-2021,eng-championship,M2,MW6,24,1,-0.2778916666666671,11.985391978675539,6,-7.692116666666664,2,0.1283008470289855,3.975392534024708,6.992200680833334,7.923160241599408,0.3333333333333333,10.708333333333334,0.6666666666666666,20.375,0.75,26.208333333333332,0.8333333333333334,30.875,0.4583333333333333,5.583333333333333,0.6666666666666666,10.208333333333334,0.8333333333333334,12.791666666666666,0.8333333333333334,14.708333333333334,0.06764712333333332,0.12979415333333333,0.05026067250000001,0.06765327416666667,0.042199096666666665
2020-2021,eng-championship,M2,preseason,24,1,-0.06022916666666737,13.356524027683376,6,-3.797683333333334,3,0.1633906203985507,5.089590634285129,7.957354301250002,8.689504425010213,0.3333333333333333,11.708333333333334,0.5833333333333334,22.166666666666668,0.7916666666666666,28.666666666666668,0.7916666666666666,33.958333333333336,0.4583333333333333,7.5,0.7916666666666666,13.458333333333334,0.8333333333333334,16.291666666666668,0.9166666666666666,18.375,0.07921578,0.14635946500000002,0.05707349583333333,0.11518297666666667,0.038762717499999995
2020-2021,eng-championship,M7,MW12,24,1,-0.40265833333333284,9.554598959488915,6,-5.553349999999999,2,0.10490165076086959,4.571489118008483,5.4065836874999995,9.303326066764818,0.4583333333333333,12.708333333333334,0.8333333333333334,23.958333333333332,0.875,30.583333333333332,0.9166666666666666,36.25,0.625,6.458333333333333,0.875,11.791666666666666,0.9166666666666666,14.75,0.9583333333333334,16.833333333333332,0.053887652499999994,0.11455089833333332,0.06508932916666667,0.05417270999999999,0.028826300833333332
2020-2021,eng-championship,M7,MW19,24,1,-0.46823749999999925,8.538828223937795,6,-3.6224666666666643,2,0.09448946796195652,3.6614105682956484,4.878730457083332,7.814248719286954,0.5,10.833333333333334,0.75,20.166666666666668,0.875,25.708333333333332,0.875,30.458333333333332,0.5833333333333334,5.041666666666667,0.875,9.375,0.875,11.708333333333334,0.9583333333333334,13.708333333333334,0.05502155916666667,0.11247495083333332,0.062351607499999996,0.04939960166666666,0.027273853333333334
2020-2021,eng-championship,M7,MW30,24,1,-0.14486249999999976,6.076515994212199,6,-4.192500000000003,1,0.06320601094202898,2.790947080302842,3.5550546754166654,5.43943425831984,0.4166666666666667,7.375,0.7916666666666666,13.916666666666666,0.8333333333333334,17.875,1.0,21.291666666666668,0.625,3.7916666666666665,0.8333333333333334,7.0,0.9166666666666666,8.916666666666666,0.9583333333333334,10.291666666666666,0.038986900833333345,0.09165845000000002,0.033589214166666666,0.07325677083333333,0.009925156666666666
2020-2021,eng-championship,M7,MW6,24,1,-0.19097500000000078,11.387722925443288,6,-6.546050000000004,3,0.12091153065217392,5.024394027063529,6.425808189166666,10.670668863329544,0.4583333333333333,14.5,0.8333333333333334,27.583333333333332,0.875,35.083333333333336,0.9166666666666666,41.583333333333336,0.5833333333333334,7.208333333333333,0.8333333333333334,13.083333333333334,0.9166666666666666,16.041666666666668,0.9583333333333334,18.041666666666668,0.06269492666666666,0.12593621833333332,0.06067368083333333,0.061123360833333334,0.04021943
2020-2021,eng-championship,M7,preseason,24,1,0.09804999999999946,12.021943091731607,6,-1.6493166666666685,3,0.13766460347826084,5.967777600173071,6.719505014999998,12.796465215815871,0.5,17.458333333333332,0.875,33.083333333333336,0.9166666666666666,42.083333333333336,1.0,49.958333333333336,0.5,9.458333333333334,0.9166666666666666,16.041666666666668,0.9583333333333334,18.791666666666668,1.0,20.625,0.06481,0.12298111583333333,0.06045628499999999,0.09595471166666665,0.036715348333333335
2021-2022,eng-championship,M2,MW12,24,1,-0.38480416666666706,10.990609252088044,6,-0.713816666666664,2,0.1336339274003623,3.987942822438066,6.330499822916665,7.354439873798742,0.4166666666666667,9.833333333333334,0.75,19.0,0.75,24.208333333333332,0.7916666666666666,28.791666666666668,0.4166666666666667,5.875,0.75,10.458333333333334,0.7916666666666666,12.708333333333334,0.875,14.416666666666666,0.038831294999999995,0.1716040841666667,0.07770422416666667,0.09247751937499998,0.045733483333333345
2021-2022,eng-championship,M2,MW19,24,1,-0.33141666666666697,9.683369167633066,6,1.604333333333334,4,0.1268469260869565,3.5454538403943254,5.627463735833334,6.520006765068122,0.4166666666666667,8.833333333333334,0.6666666666666666,16.708333333333332,0.6666666666666666,21.583333333333332,0.75,25.458333333333332,0.5,5.083333333333333,0.6666666666666666,9.166666666666666,0.7916666666666666,11.333333333333334,0.875,12.833333333333334,0.0021877541666666693,0.21117499999999997,0.05227907416666667,0.05344554000000001,0.005444272499999999
2021-2022,eng-championship,M2,MW30,24,1,-0.16524583333333295,5.5830670310994845,6,0.3383166666666663,3,0.060416487065217385,2.4990062099943375,3.147087797083332,4.940216226909957,0.5416666666666666,6.75,0.8333333333333334,12.666666666666666,0.8333333333333334,16.333333333333332,0.9166666666666666,19.333333333333332,0.6666666666666666,3.375,0.9166666666666666,6.291666666666667,0.9583333333333334,7.958333333333333,0.9583333333333334,9.416666666666666,0.0007626633333333312,0.14936123166666668,0.0432599225,0.014147275,0.00043688333333333565
2021-2022,eng-championship,M2,MW6,24,1,-0.3834874999999996,13.523327425307844,6,0.16284999999999883,2,0.17054584467391307,4.239040388592779,7.75404890708333,7.99273312558834,0.4583333333333333,10.666666666666666,0.625,20.5,0.75,26.25,0.75,31.25,0.4583333333333333,6.291666666666667,0.75,11.041666666666666,0.75,13.5,0.75,15.583333333333334,0.041901077500000015,0.19827468333333334,0.083438885,0.08941365583333334,0.03622957916666667
2021-2022,eng-championship,M2,preseason,24,1,-0.27152083333333454,14.989850750605113,6,4.975716666666666,4,0.18892318532608696,4.713791101111504,8.780398884583333,8.580961849190457,0.375,11.75,0.625,22.041666666666668,0.6666666666666666,28.166666666666668,0.7083333333333334,33.541666666666664,0.4583333333333333,6.791666666666667,0.5833333333333334,12.458333333333334,0.6666666666666666,14.875,0.7916666666666666,17.0,0.06718402750000001,0.17524002083333332,0.11092995083333335,0.15309009916666666,0.04674478000000001
2021-2022,eng-championship,M7,MW12,24,1,-0.3619249999999982,10.665906799236529,6,-0.17901666666666452,2,0.12439098782608697,4.7886085416188235,6.0553074600000025,9.331496638821735,0.5,12.583333333333334,0.75,24.0,0.7916666666666666,30.625,0.8333333333333334,36.291666666666664,0.5833333333333334,7.083333333333333,0.7916666666666666,12.5,0.8333333333333334,15.375,0.9583333333333334,17.25,0.03561294500000001,0.15433210333333333,0.07470076,0.09148631583333333,0.039566479166666675
2021-2022,eng-championship,M7,MW19,24,1,-0.3075208333333335,9.192508634865858,6,1.455916666666667,4,0.11474803190217392,4.131507174942804,5.223792377083332,7.834630491991878,0.5416666666666666,10.75,0.6666666666666666,20.166666666666668,0.8333333333333334,25.666666666666668,0.9166666666666666,30.5,0.5833333333333334,5.958333333333333,0.7083333333333334,10.666666666666666,0.9166666666666666,13.208333333333334,0.9583333333333334,14.958333333333334,0.004375032499999999,0.1849653891666667,0.05077714833333335,0.05279003666666666,0.00905808833333333
2021-2022,eng-championship,M7,MW30,24,1,-0.1337333333333337,5.455255839249581,6,0.6413166666666671,3,0.059193053903985514,2.7208571159262753,3.0650252625000007,5.477649297171692,0.625,7.583333333333333,0.8333333333333334,13.958333333333334,0.9166666666666666,18.0,0.9583333333333334,21.333333333333332,0.7083333333333334,3.625,0.9166666666666666,7.0,0.9583333333333334,8.833333333333334,1.0,10.291666666666666,0.002189547500000002,0.13999058083333335,0.043508984166666674,0.010786414166666666,0.000909850833333333
2021-2022,eng-championship,M7,MW6,24,1,-0.33882916666666585,13.362102079310601,6,0.8721166666666692,3,0.1600671350996377,5.305240493930796,7.576635835416667,10.683316214353601,0.4583333333333333,14.583333333333334,0.75,27.541666666666668,0.7916666666666666,35.041666666666664,0.8333333333333334,41.5,0.5,7.916666666666667,0.75,14.0,0.8333333333333334,17.0,0.875,18.916666666666668,0.04320247916666666,0.17541148583333332,0.08321142166666666,0.0964061325,0.03173417416666668
2021-2022,eng-championship,M7,preseason,24,1,-0.21635416666666676,14.34090690596019,6,2.4402666666666675,3,0.16681201623188405,5.873597949122285,8.000855566249998,12.041767914625048,0.5833333333333334,16.416666666666668,0.6666666666666666,30.833333333333332,0.8333333333333334,39.666666666666664,0.9166666666666666,47.0,0.5833333333333334,9.291666666666666,0.7083333333333334,15.708333333333334,0.875,18.75,0.9166666666666666,20.333333333333332,0.055372755833333336,0.16061454333333333,0.09011976749999999,0.13072291583333334,0.03765689666666667
2022-2023,eng-championship,M2,MW12,24,1,-0.17214583333333314,12.04540291392322,6,4.158733333333334,4,0.17940841952898548,4.461959640104191,7.377143562083333,7.295036609254573,0.2916666666666667,9.875,0.5416666666666666,18.875,0.625,23.75,0.7083333333333334,28.583333333333332,0.4166666666666667,6.541666666666667,0.625,11.708333333333334,0.7083333333333334,14.291666666666666,0.8333333333333334,16.375,0.04128044916666666,0.17420383416666665,0.08182735416666666,0.14038698666666669,0.038744435
2022-2023,eng-championship,M2,MW19,24,1,0.1769041666666681,9.87854646993929,6,2.409450000000002,4,0.14506408362318843,3.9823181717981115,5.967374035416666,6.557456361867319,0.25,8.875,0.625,16.75,0.7083333333333334,21.5,0.7916666666666666,25.625,0.4583333333333333,5.541666666666667,0.625,10.25,0.7916666666666666,12.875,0.875,14.666666666666666,0.013839344999999998,0.18755081166666665,0.05933206166666666,0.11449880583333334,0.022151914166666665
2022-2023,eng-championship,M2,MW30,24,1,0.16069166666666637,4.355206105054042,6,2.50366666666667,5,0.06425362521739131,2.8304970705314862,2.4713992033333314,4.99060345263057,0.7083333333333334,6.666666666666667,0.875,12.916666666666666,1.0,16.333333333333332,1.0,19.541666666666668,0.6666666666666666,3.7916666666666665,0.875,7.166666666666667,0.9166666666666666,9.041666666666666,0.9583333333333334,10.583333333333334,5.6528333333335867e-05,0.09107211500000001,0.03583359333333333,0.02845283083333333,0.00023056333333333246
2022-2023,eng-championship,M2,MW6,24,1,-0.13973333333333274,11.727718187162411,6,6.416050000000001,4,0.17186568050724635,4.705845222864678,7.187515466666667,7.918971019104368,0.25,10.75,0.5833333333333334,20.375,0.6666666666666666,26.083333333333332,0.8333333333333334,31.0,0.4166666666666667,7.166666666666667,0.625,12.416666666666666,0.75,14.791666666666666,0.9166666666666666,16.708333333333332,0.04248998416666667,0.17473372833333334,0.08625754416666666,0.13323395166666666,0.03402550416666667
2022-2023,eng-championship,M2,preseason,24,1,0.04738749999999836,13.905293733607953,6,4.319266666666664,4,0.18417361481884056,4.954151954816333,8.06560434625,8.558121156977082,0.375,11.625,0.625,22.083333333333332,0.7083333333333334,28.291666666666668,0.7916666666666666,33.583333333333336,0.3333333333333333,7.375,0.6666666666666666,13.0,0.75,15.75,0.8333333333333334,17.5,0.10260004333333334,0.15751820916666667,0.1465226891666667,0.14910932833333335,0.05604430999999999
2022-2023,eng-championship,M7,MW12,24,1,-0.0629874999999996,11.830815092253083,6,2.6863333333333337,4,0.16701519644927534,5.3834011686242205,6.896443112083335,9.246326920288782,0.375,12.541666666666666,0.625,23.958333333333332,0.7916666666666666,30.375,0.9166666666666666,36.083333333333336,0.5,8.25,0.6666666666666666,14.333333333333334,0.8333333333333334,17.166666666666668,0.9583333333333334,19.041666666666668,0.040662885833333336,0.167821425,0.07636968833333334,0.12218823083333334,0.033771988333333336
2022-2023,eng-championship,M7,MW19,24,1,0.2287041666666667,9.839980112509544,6,1.5915000000000024,4,0.13885462130434786,4.674501390071023,5.754733862916663,7.901016598904853,0.3333333333333333,10.958333333333334,0.75,20.375,0.8333333333333334,25.916666666666668,0.875,30.75,0.5,6.833333333333333,0.7916666666666666,12.125,0.9166666666666666,15.041666666666666,0.9166666666666666,17.0,0.019794345833333327,0.17002166083333334,0.058371510833333334,0.10395865916666665,0.023638635
2022-2023,eng-championship,M7,MW30,24,1,0.19517083333333365,4.3848012860238805,6,2.083100000000003,4,0.06468851434782609,3.1623294370218384,2.5251033612500007,5.578066329993789,0.7083333333333334,7.625,0.875,14.458333333333334,1.0,18.416666666666668,1.0,21.708333333333332,0.6666666666666666,4.375,0.9166666666666666,8.0,0.9583333333333334,10.25,1.0,11.75,0.0003136308333333313,0.09686306166666665,0.035896213333333336,0.030784297500000005,0.0008594191666666641
2022-2023,eng-championship,M7,MW6,24,1,0.018149999999997963,11.602587425800046,6,4.312383333333329,4,0.16146967310688407,5.634521692457075,6.7262093641666665,10.589363675913683,0.3333333333333333,14.375,0.75,27.333333333333332,0.9166666666666666,34.833333333333336,0.9583333333333334,41.166666666666664,0.375,8.625,0.7083333333333334,14.958333333333334,0.9583333333333334,17.916666666666668,1.0,19.75,0.044622684999999995,0.1621578825,0.08137126416666668,0.11511489166666666,0.033469064166666666
2022-2023,eng-championship,M7,preseason,24,1,0.32060416666666686,12.402801414179915,6,2.9009666666666654,4,0.1592661163043478,5.910903525917269,6.92508130625,12.107145005547238,0.4166666666666667,16.458333333333332,0.7916666666666666,31.083333333333332,0.9583333333333334,39.75,1.0,47.291666666666664,0.4583333333333333,9.25,0.8333333333333334,15.916666666666666,0.9583333333333334,18.833333333333332,1.0,20.5,0.0655680125,0.1512667,0.10252376833333333,0.12411057166666668,0.037553895
2023-2024,eng-championship,M2,MW12,24,1,-0.2820125000000007,10.032125318840302,6,-7.6763666666666674,2,0.10091648210144928,3.77478558941217,5.828869162916664,7.282457746665738,0.4166666666666667,9.875,0.6666666666666666,18.666666666666668,0.7916666666666666,23.958333333333332,0.8333333333333334,28.541666666666668,0.5,5.375,0.6666666666666666,9.833333333333334,0.9166666666666666,12.041666666666666,0.9583333333333334,13.583333333333334,0.0013966424999999956,0.106640005,0.04688168916666668,0.13238268500000003,0.00041637166666666606
2023-2024,eng-championship,M2,MW19,24,1,-0.17337500000000006,7.89681480223725,6,-4.098833333333332,2,0.09410924702898549,3.130820553867904,4.521970454999999,6.528950031210108,0.5833333333333334,8.875,0.6666666666666666,16.791666666666668,0.8333333333333334,21.416666666666668,0.9166666666666666,25.375,0.4583333333333333,4.25,0.7916666666666666,8.0,0.875,9.958333333333334,0.9583333333333334,11.791666666666666,0.007955908333333333,0.06466415333333332,0.04331816166666666,0.11099145416666666,0.002470060833333332
2023-2024,eng-championship,M2,MW30,24,1,-0.19637083333333413,6.624835654974142,6,0.2821833333333288,4,0.07409722886775362,2.2083078388472788,3.8854764029166664,4.907593650393262,0.3333333333333333,6.791666666666667,0.7083333333333334,12.791666666666666,0.7916666666666666,16.125,0.8333333333333334,18.916666666666668,0.4583333333333333,2.8333333333333335,0.75,5.458333333333333,0.8333333333333334,6.916666666666667,0.875,8.375,0.045136619999999995,0.08493868666666667,0.03975792083333334,0.10255712416666668,4.9429166666668914e-05
2023-2024,eng-championship,M2,MW6,24,1,-0.437025000000002,12.726080888703848,6,-12.994900000000003,1,0.140215331884058,4.404087137767318,7.463941355000002,8.034436716852237,0.3333333333333333,10.875,0.5416666666666666,20.708333333333332,0.7916666666666666,26.333333333333332,0.8333333333333334,31.416666666666668,0.375,6.208333333333333,0.7083333333333334,11.375,0.875,14.125,0.9583333333333334,16.208333333333332,0.017697554166666667,0.12369739083333332,0.062045925,0.12365207083333334,0.021791827499999996
2023-2024,eng-championship,M2,preseason,24,1,-0.8574458333333365,15.49758483940589,6,-16.869966666666667,2,0.16947048096014494,5.5375688604454645,9.212797526250002,8.628047686817064,0.25,11.75,0.5416666666666666,22.0,0.7083333333333334,28.333333333333332,0.7916666666666666,33.75,0.375,8.416666666666666,0.6666666666666666,14.666666666666666,0.9583333333333334,17.791666666666668,0.9583333333333334,19.583333333333332,0.09090957,0.12881951249999998,0.1331654866666667,0.08823136583333331,0.045449446666666664
2023-2024,eng-championship,M7,MW12,24,1,-0.2454708333333325,9.82317814629003,6,-9.175699999999999,2,0.10045615894927536,4.618985875564728,5.627502047916667,9.498853181426213,0.4166666666666667,12.916666666666666,0.75,24.583333333333332,0.9166666666666666,31.375,1.0,37.25,0.5416666666666666,6.666666666666667,0.9166666666666666,11.958333333333334,1.0,14.583333333333334,1.0,16.541666666666668,0.02079037416666667,0.11385330583333332,0.058007115,0.11859871083333333,0.0025700599999999986
2023-2024,eng-championship,M7,MW19,24,1,-0.12087916666666694,7.8348397938045515,6,-5.329416666666667,1,0.09134207598731885,3.7627986325875047,4.492122412083336,8.016626405944834,0.5416666666666666,11.083333333333334,0.7916666666666666,20.875,0.9166666666666666,26.5,1.0,31.125,0.5416666666666666,5.333333333333333,0.8333333333333334,9.666666666666666,1.0,12.083333333333334,1.0,13.791666666666666,0.020256183333333334,0.083148016875,0.04866636583333333,0.10207173166666667,0.006173146666666666
2023-2024,eng-championship,M7,MW30,24,1,-0.18183333333333204,6.428519870986374,6,-0.5799166666666645,4,0.07154901050724637,2.464617452505731,3.719755473333335,5.508471917105673,0.3333333333333333,7.666666666666667,0.75,14.208333333333334,0.7916666666666666,18.041666666666668,0.9166666666666666,21.416666666666668,0.5,3.2916666666666665,0.8333333333333334,6.333333333333333,0.9166666666666666,7.791666666666667,0.9583333333333334,9.208333333333334,0.04872137333333334,0.08745870499999998,0.042066075833333334,0.09438440833333334,0.0003420016666666658
2023-2024,eng-championship,M7,MW6,24,1,-0.38800416666666465,12.700320703316248,6,-12.81093333333333,1,0.13136674877717391,5.670310161732012,7.164426607916668,11.10362460065584,0.4583333333333333,15.166666666666666,0.7916666666666666,28.708333333333332,0.875,36.625,0.9166666666666666,43.375,0.5416666666666666,8.791666666666666,0.9583333333333334,15.041666666666666,1.0,17.875,1.0,19.875,0.05238963333333333,0.12097005479166667,0.0899289625,0.10746241249999999,0.025419609166666666
2023-2024,eng-championship,M7,preseason,24,1,-0.597841666666666,14.888564894939785,6,-14.499516666666667,2,0.15046957009963768,6.1740327800988375,8.078234893333333,12.69567883818533,0.5833333333333334,17.458333333333332,0.875,32.875,0.875,41.958333333333336,0.9166666666666666,49.5,0.625,9.958333333333334,0.8333333333333334,16.708333333333332,0.9583333333333334,19.541666666666668,1.0,21.083333333333332,0.08020398083333333,0.12099570333333333,0.11072580000000003,0.0986566825,0.038376327499999995
2024-2025,eng-championship,M2,MW12,24,1,0.1356791666666668,8.457807861058523,6,-1.7742333333333338,3,0.12196972757246376,3.587666264529697,5.041501327083335,7.261733241477806,0.2916666666666667,9.833333333333334,0.75,18.666666666666668,0.9166666666666666,23.916666666666668,0.9583333333333334,28.375,0.375,4.916666666666667,0.6666666666666666,9.208333333333334,0.875,11.708333333333334,0.9583333333333334,13.375,0.01629602916666667,0.12168360166666665,0.0376818925,0.11578103166666669,0.024445905000000007
2024-2025,eng-championship,M2,MW19,24,1,-0.1403083333333329,6.042352714864742,6,-2.2128166666666664,2,0.08005994844202899,3.0582375396975663,3.462010659166666,6.4335603293663235,0.5416666666666666,8.75,0.8333333333333334,16.583333333333332,0.9583333333333334,21.333333333333332,0.9583333333333334,25.125,0.5416666666666666,4.041666666666667,0.8333333333333334,7.791666666666667,0.9583333333333334,9.958333333333334,0.9583333333333334,11.333333333333334,0.034559396666666665,0.14718128833333335,0.06217540916666667,0.07188566166666666,0.020944066666666664
2024-2025,eng-championship,M2,MW30,24,1,-0.12300416666666465,5.200629453369082,6,-3.660683333333329,2,0.06813023025362319,2.4502031588640487,3.0226381245833323,4.941816662785709,0.3333333333333333,6.833333333333333,0.875,12.833333333333334,0.9166666666666666,16.25,0.9583333333333334,19.416666666666668,0.5416666666666666,3.25,0.7916666666666666,6.208333333333333,0.9166666666666666,7.708333333333333,1.0,9.041666666666666,0.027684586666666667,0.11884395083333332,0.05014135,0.040518026666666665,0.009473540833333335
2024-2025,eng-championship,M2,MW6,24,1,0.5771333333333329,8.922802944749668,6,3.82363333333333,3,0.12617366886775364,3.748663038856878,5.197126816666668,7.9358662851285375,0.4166666666666667,10.708333333333334,0.7083333333333334,20.416666666666668,0.8333333333333334,26.083333333333332,1.0,31.041666666666668,0.4166666666666667,5.125,0.6666666666666666,9.666666666666666,0.875,12.166666666666666,0.9166666666666666,14.041666666666666,0.022564625833333334,0.1344553025,0.05740889166666668,0.08429100500000002,0.05009993083333334
2024-2025,eng-championship,M2,preseason,24,1,0.4484291666666662,9.59120201024095,6,2.8588999999999984,4,0.1337871543025362,4.709447516213857,5.609497702916667,8.539943380436467,0.25,11.458333333333334,0.75,22.0,0.9166666666666666,28.166666666666668,0.9583333333333334,33.458333333333336,0.5,6.958333333333333,0.8333333333333334,12.333333333333334,0.9583333333333334,15.0,0.9583333333333334,17.041666666666668,0.013353846666666667,0.13079108666666667,0.05634292666666666,0.09765671416666666,0.033611272500000004
2024-2025,eng-championship,M7,MW12,24,1,0.192741666666666,8.668247605389068,6,-2.0574999999999974,3,0.11419589315217392,4.532169273860277,5.013249055,9.349245139392258,0.5,12.75,0.875,24.125,1.0,30.75,1.0,36.416666666666664,0.5,6.583333333333333,0.9166666666666666,11.666666666666666,0.9583333333333334,14.5,1.0,16.541666666666668,0.027782973333333332,0.1273142425,0.03776446416666667,0.09436052,0.02610225083333333
2024-2025,eng-championship,M7,MW19,24,1,-0.07465833333333549,6.405428688230007,6,-2.4772666666666674,2,0.07909471445652173,3.667883761871946,3.6571557066666642,7.788426325064566,0.6666666666666666,10.541666666666666,0.875,20.0,0.9583333333333334,25.541666666666668,1.0,30.291666666666668,0.6666666666666666,5.208333333333333,0.9166666666666666,9.416666666666666,0.9583333333333334,11.916666666666666,1.0,13.791666666666666,0.03371865166666667,0.14108521249999997,0.05906261999999999,0.07217769083333332,0.020986801666666666
2024-2025,eng-championship,M7,MW30,24,1,-0.09834583333333106,5.351794574914412,6,-3.7445333333333317,1,0.06806910369565217,2.731227566069291,3.0929510854166664,5.515213448723775,0.375,7.541666666666667,0.9166666666666666,14.291666666666666,0.9166666666666666,18.25,0.9583333333333334,21.5,0.625,3.8333333333333335,0.7916666666666666,7.041666666666667,1.0,8.708333333333334,1.0,10.291666666666666,0.03005156583333333,0.11642287416666668,0.04911543833333334,0.04180648583333333,0.010922375833333331
2024-2025,eng-championship,M7,MW6,24,1,0.6816666666666675,9.341626844042388,6,2.4132500000000014,3,0.11935602518115944,4.849660393736012,5.351981392500002,10.814514104195771,0.4166666666666667,14.708333333333334,0.9166666666666666,27.791666666666668,0.9583333333333334,35.541666666666664,1.0,42.166666666666664,0.5416666666666666,7.166666666666667,0.7916666666666666,12.541666666666666,1.0,15.541666666666666,1.0,17.5,0.03407341666666667,0.13480830083333337,0.06109743249999999,0.08226008083333333,0.039668352500000004
2024-2025,eng-championship,M7,preseason,24,1,0.7040541666666659,10.554170235760681,6,1.3848999999999982,4,0.13669896502717394,5.8718470836509224,6.098801246249998,12.58423829358751,0.625,17.166666666666668,0.875,32.333333333333336,0.9583333333333334,41.5,1.0,48.916666666666664,0.5416666666666666,9.291666666666666,0.9166666666666666,15.875,1.0,18.458333333333332,1.0,20.416666666666668,0.03614970666666666,0.13756219416666668,0.06961425666666667,0.10061880833333332,0.032197855
2025-2026,eng-championship,M2,MW12,24,1,-0.10423333333333347,11.67700479229013,6,-0.6305666666666667,2,0.16314783045289855,4.279556868167763,6.960136771666669,7.364889986924996,0.375,9.916666666666666,0.625,19.0,0.7083333333333334,24.291666666666668,0.8333333333333334,28.75,0.4166666666666667,6.083333333333333,0.7083333333333334,11.166666666666666,0.8333333333333334,13.666666666666666,0.9166666666666666,15.625,0.041507002499999994,0.13854592833333335,0.0837752275,0.05117282895833334,0.014493405000000001
2025-2026,eng-championship,M2,MW19,24,1,0.03765833333333409,8.970511028828478,6,0.6128666666666666,2,0.12389626459239128,3.712211913325302,5.228702459166667,6.5102058428492215,0.4166666666666667,8.875,0.6666666666666666,16.708333333333332,0.8333333333333334,21.375,0.8333333333333334,25.291666666666668,0.5,5.25,0.7916666666666666,9.625,0.9166666666666666,11.833333333333334,0.9166666666666666,13.708333333333334,0.022459655833333328,0.10272612583333333,0.06399784666666668,0.072321915,0.004309692499999999
2025-2026,eng-championship,M2,MW30,24,1,0.05384583333333307,5.950851664152787,6,-0.9803333333333342,3,0.07354876571557971,2.8738657810015282,3.432905262083334,4.957282409951271,0.4166666666666667,6.708333333333333,0.7083333333333334,12.708333333333334,0.875,16.291666666666668,0.9166666666666666,19.291666666666668,0.5833333333333334,3.9583333333333335,0.8333333333333334,7.375,0.8333333333333334,9.166666666666666,1.0,10.666666666666666,0.027131560833333332,0.07186765416666667,0.05446179833333333,0.021397404166666665,0.02298494666666667
2025-2026,eng-championship,M2,MW6,24,1,0.0290041666666682,13.368231144847973,6,0.27411666666667145,2,0.16531841221014493,4.879158299578048,7.578020222083334,8.010179428763914,0.4583333333333333,10.958333333333334,0.625,20.541666666666668,0.75,26.25,0.7916666666666666,31.291666666666668,0.5,7.291666666666667,0.7083333333333334,12.875,0.875,15.5,0.9166666666666666,17.5,0.0710476125,0.141308265,0.11109395500000001,0.07397907666666666,0.04830341333333333
2025-2026,eng-championship,M2,preseason,24,1,0.16281666666666528,15.082755309292795,6,2.366633333333329,2,0.1821662063405797,4.811565141160559,8.554798202499997,8.520617816763421,0.4583333333333333,11.5,0.6666666666666666,21.958333333333332,0.75,27.875,0.7916666666666666,33.291666666666664,0.4583333333333333,7.125,0.625,12.666666666666666,0.7916666666666666,15.375,0.8333333333333334,17.458333333333332,0.08059601833333335,0.13436672833333332,0.1274944325,0.09691339750000001,0.05352129
2025-2026,eng-championship,M7,MW12,24,1,-0.06382916666666638,11.284445793454664,6,-2.0715666666666657,2,0.14980862673913042,5.187927112978344,6.513386395416667,9.410907333487524,0.375,12.958333333333334,0.75,24.25,0.875,30.916666666666668,0.9166666666666666,36.708333333333336,0.4166666666666667,7.625,0.8333333333333334,13.666666666666666,0.9583333333333334,16.625,0.9583333333333334,18.458333333333332,0.04266433416666667,0.12498092083333334,0.080763025,0.0582843625,0.014235316666666666
2025-2026,eng-championship,M7,MW19,24,1,0.12554166666666747,9.156030551818477,6,-0.02866666666666025,2,0.1250354848188406,4.292473494734744,5.286146535833331,7.857388482259586,0.4583333333333333,10.791666666666666,0.7916666666666666,20.375,0.8333333333333334,25.791666666666668,0.875,30.666666666666668,0.5,6.291666666666667,0.9166666666666666,11.041666666666666,0.9166666666666666,13.75,0.9166666666666666,15.625,0.027705488333333333,0.10782414333333333,0.06671253166666667,0.07189559916666667,0.004556269166666669
2025-2026,eng-championship,M7,MW30,24,1,0.07985000000000071,6.024958116728558,6,-1.18215,3,0.07465542905797101,3.122699857840105,3.4550791425000007,5.462826245465693,0.4583333333333333,7.458333333333333,0.75,14.0,0.9166666666666666,17.791666666666668,0.9583333333333334,21.416666666666668,0.625,4.333333333333333,0.8333333333333334,8.041666666666666,0.9166666666666666,9.916666666666666,1.0,11.541666666666666,0.031157068333333333,0.07859011583333332,0.05618732083333333,0.023847668333333336,0.021495126666666666
2025-2026,eng-championship,M7,MW6,24,1,0.1041916666666672,13.217267855378939,6,-1.2302333333333308,2,0.16090131649456524,5.834768367950854,7.418429879166669,10.88432348748689,0.5,14.791666666666666,0.75,28.25,0.8333333333333334,35.625,0.875,42.416666666666664,0.5,9.041666666666666,0.7916666666666666,15.666666666666666,0.9583333333333334,18.416666666666668,0.9583333333333334,20.291666666666668,0.06579305916666667,0.1370283,0.10298550083333334,0.084640665,0.04018819583333333
2025-2026,eng-championship,M7,preseason,24,1,0.1626499999999996,14.598443383485558,6,-0.08468333333333788,2,0.1707182894565217,6.081222583702565,8.143490232499998,12.401908060983303,0.5416666666666666,16.916666666666668,0.7916666666666666,32.083333333333336,0.8333333333333334,40.875,0.875,48.291666666666664,0.5,9.791666666666666,0.7916666666666666,16.291666666666668,0.9166666666666666,19.125,0.9583333333333334,20.916666666666668,0.07463414666666666,0.13710547916666666,0.11584307083333334,0.10335817833333333,0.044523453333333324
