model_id,outcome,bin_lower,bin_upper,count,mean_prediction,observed_frequency
M0-frequency-v1,H,0.0,0.1,0,,
M0-frequency-v1,H,0.1,0.2,0,,
M0-frequency-v1,H,0.2,0.3,0,,
M0-frequency-v1,H,0.3,0.4,0,,
M0-frequency-v1,H,0.4,0.5,3040,0.4477644502552857,0.4476973684210526
M0-frequency-v1,H,0.5,0.6,0,,
M0-frequency-v1,H,0.6,0.7,0,,
M0-frequency-v1,H,0.7,0.8,0,,
M0-frequency-v1,H,0.8,0.9,0,,
M0-frequency-v1,H,0.9,1.0,0,,
M0-frequency-v1,D,0.0,0.1,0,,
M0-frequency-v1,D,0.1,0.2,0,,
M0-frequency-v1,D,0.2,0.3,3040,0.23508331015851225,0.2338815789473684
M0-frequency-v1,D,0.3,0.4,0,,
M0-frequency-v1,D,0.4,0.5,0,,
M0-frequency-v1,D,0.5,0.6,0,,
M0-frequency-v1,D,0.6,0.7,0,,
M0-frequency-v1,D,0.7,0.8,0,,
M0-frequency-v1,D,0.8,0.9,0,,
M0-frequency-v1,D,0.9,1.0,0,,
M0-frequency-v1,A,0.0,0.1,0,,
M0-frequency-v1,A,0.1,0.2,0,,
M0-frequency-v1,A,0.2,0.3,781,0.2949229803379279,0.33034571062740076
M0-frequency-v1,A,0.3,0.4,2259,0.32483752133604804,0.314298362107127
M0-frequency-v1,A,0.4,0.5,0,,
M0-frequency-v1,A,0.5,0.6,0,,
M0-frequency-v1,A,0.6,0.7,0,,
M0-frequency-v1,A,0.7,0.8,0,,
M0-frequency-v1,A,0.8,0.9,0,,
M0-frequency-v1,A,0.9,1.0,0,,
M2-attack-defense-v1,H,0.0,0.1,35,0.08033072418262446,0.08571428571428572
M2-attack-defense-v1,H,0.1,0.2,228,0.1580560589916379,0.17105263157894737
M2-attack-defense-v1,H,0.2,0.3,464,0.25429993024023667,0.25862068965517243
M2-attack-defense-v1,H,0.3,0.4,580,0.34998122029755524,0.36551724137931035
M2-attack-defense-v1,H,0.4,0.5,651,0.44911980831236914,0.4270353302611367
M2-attack-defense-v1,H,0.5,0.6,463,0.5468781338775563,0.5421166306695464
M2-attack-defense-v1,H,0.6,0.7,323,0.6490799119800108,0.6749226006191951
M2-attack-defense-v1,H,0.7,0.8,216,0.7446685438611211,0.7870370370370371
M2-attack-defense-v1,H,0.8,0.9,75,0.8374530226150813,0.88
M2-attack-defense-v1,H,0.9,1.0,5,0.9166063066502224,0.8
M2-attack-defense-v1,D,0.0,0.1,28,0.08143729432638018,0.10714285714285714
M2-attack-defense-v1,D,0.1,0.2,527,0.16643596643020203,0.13851992409867173
M2-attack-defense-v1,D,0.2,0.3,2365,0.24935698980274318,0.2549682875264271
M2-attack-defense-v1,D,0.3,0.4,120,0.3144856883603021,0.26666666666666666
M2-attack-defense-v1,D,0.4,0.5,0,,
M2-attack-defense-v1,D,0.5,0.6,0,,
M2-attack-defense-v1,D,0.6,0.7,0,,
M2-attack-defense-v1,D,0.7,0.8,0,,
M2-attack-defense-v1,D,0.8,0.9,0,,
M2-attack-defense-v1,D,0.9,1.0,0,,
M2-attack-defense-v1,A,0.0,0.1,216,0.07233888887114119,0.09259259259259259
M2-attack-defense-v1,A,0.1,0.2,540,0.1514334491576243,0.11481481481481481
M2-attack-defense-v1,A,0.2,0.3,751,0.2517360895919756,0.25033288948069243
M2-attack-defense-v1,A,0.3,0.4,647,0.34711207897239454,0.33539412673879443
M2-attack-defense-v1,A,0.4,0.5,411,0.4486437255733738,0.4768856447688564
M2-attack-defense-v1,A,0.5,0.6,285,0.5425804100874612,0.5403508771929825
M2-attack-defense-v1,A,0.6,0.7,127,0.6449851131859193,0.6535433070866141
M2-attack-defense-v1,A,0.7,0.8,57,0.7413281853384006,0.7543859649122807
M2-attack-defense-v1,A,0.8,0.9,6,0.8336040581358198,0.8333333333333334
M2-attack-defense-v1,A,0.9,1.0,0,,
M3-elo-ordered-logit-v1,H,0.0,0.1,97,0.0761075637305392,0.12371134020618557
M3-elo-ordered-logit-v1,H,0.1,0.2,311,0.153666369012556,0.19292604501607716
M3-elo-ordered-logit-v1,H,0.2,0.3,393,0.251187479102458,0.2748091603053435
M3-elo-ordered-logit-v1,H,0.3,0.4,509,0.35149430119488717,0.381139489194499
M3-elo-ordered-logit-v1,H,0.4,0.5,552,0.44999917113170074,0.4329710144927536
M3-elo-ordered-logit-v1,H,0.5,0.6,412,0.5461303564395689,0.5145631067961165
M3-elo-ordered-logit-v1,H,0.6,0.7,311,0.6472460969813572,0.6270096463022508
M3-elo-ordered-logit-v1,H,0.7,0.8,256,0.7477953718448267,0.71875
M3-elo-ordered-logit-v1,H,0.8,0.9,172,0.8436195421518291,0.7790697674418605
M3-elo-ordered-logit-v1,H,0.9,1.0,27,0.9233749874565819,0.8518518518518519
M3-elo-ordered-logit-v1,D,0.0,0.1,122,0.0761149954906732,0.10655737704918032
M3-elo-ordered-logit-v1,D,0.1,0.2,743,0.1578761049116825,0.1857335127860027
M3-elo-ordered-logit-v1,D,0.2,0.3,2175,0.24957637312269615,0.2574712643678161
M3-elo-ordered-logit-v1,D,0.3,0.4,0,,
M3-elo-ordered-logit-v1,D,0.4,0.5,0,,
M3-elo-ordered-logit-v1,D,0.5,0.6,0,,
M3-elo-ordered-logit-v1,D,0.6,0.7,0,,
M3-elo-ordered-logit-v1,D,0.7,0.8,0,,
M3-elo-ordered-logit-v1,D,0.8,0.9,0,,
M3-elo-ordered-logit-v1,D,0.9,1.0,0,,
M3-elo-ordered-logit-v1,A,0.0,0.1,322,0.06601885256294068,0.10869565217391304
M3-elo-ordered-logit-v1,A,0.1,0.2,546,0.15060363629345624,0.1282051282051282
M3-elo-ordered-logit-v1,A,0.2,0.3,663,0.24971790612692307,0.26998491704374056
M3-elo-ordered-logit-v1,A,0.3,0.4,554,0.346683884028207,0.29422382671480146
M3-elo-ordered-logit-v1,A,0.4,0.5,357,0.4486459801017564,0.4565826330532213
M3-elo-ordered-logit-v1,A,0.5,0.6,257,0.5480988955935873,0.5136186770428015
M3-elo-ordered-logit-v1,A,0.6,0.7,189,0.6451110701946131,0.6349206349206349
M3-elo-ordered-logit-v1,A,0.7,0.8,111,0.7494004012682676,0.6936936936936937
M3-elo-ordered-logit-v1,A,0.8,0.9,40,0.8365817764692898,0.725
M3-elo-ordered-logit-v1,A,0.9,1.0,1,0.9011350504607931,0.0
market:bet365_preclosing,H,0.0,0.1,86,0.08147639023356497,0.06976744186046512
market:bet365_preclosing,H,0.1,0.2,330,0.15442026538423967,0.17575757575757575
market:bet365_preclosing,H,0.2,0.3,379,0.2519585078438943,0.29023746701846964
market:bet365_preclosing,H,0.3,0.4,570,0.3550126754349956,0.34385964912280703
market:bet365_preclosing,H,0.4,0.5,595,0.44990693332740495,0.42857142857142855
market:bet365_preclosing,H,0.5,0.6,394,0.5501665605084167,0.5964467005076142
market:bet365_preclosing,H,0.6,0.7,299,0.651666700238069,0.6822742474916388
market:bet365_preclosing,H,0.7,0.8,251,0.7520552788314354,0.7051792828685259
market:bet365_preclosing,H,0.8,0.9,134,0.8382371688354232,0.8805970149253731
market:bet365_preclosing,H,0.9,1.0,2,0.912844626344574,1.0
market:bet365_preclosing,D,0.0,0.1,45,0.08794569101836998,0.1111111111111111
market:bet365_preclosing,D,0.1,0.2,573,0.16079785629012955,0.16404886561954624
market:bet365_preclosing,D,0.2,0.3,2256,0.26191846898944515,0.2495567375886525
market:bet365_preclosing,D,0.3,0.4,166,0.30735887903884773,0.29518072289156627
market:bet365_preclosing,D,0.4,0.5,0,,
market:bet365_preclosing,D,0.5,0.6,0,,
market:bet365_preclosing,D,0.6,0.7,0,,
market:bet365_preclosing,D,0.7,0.8,0,,
market:bet365_preclosing,D,0.8,0.9,0,,
market:bet365_preclosing,D,0.9,1.0,0,,
market:bet365_preclosing,A,0.0,0.1,340,0.06933044042972378,0.07941176470588235
market:bet365_preclosing,A,0.1,0.2,574,0.15138307710877164,0.15156794425087108
market:bet365_preclosing,A,0.2,0.3,703,0.25389766261095603,0.2574679943100996
market:bet365_preclosing,A,0.3,0.4,570,0.3466333956530046,0.3298245614035088
market:bet365_preclosing,A,0.4,0.5,307,0.4485600709950701,0.4495114006514658
market:bet365_preclosing,A,0.5,0.6,249,0.5489507734893153,0.5421686746987951
market:bet365_preclosing,A,0.6,0.7,186,0.6420025703455844,0.6774193548387096
market:bet365_preclosing,A,0.7,0.8,95,0.7409805736958185,0.7684210526315789
market:bet365_preclosing,A,0.8,0.9,16,0.8260557470643048,0.8125
market:bet365_preclosing,A,0.9,1.0,0,,
market:betbrain_average_preclosing,H,0.0,0.1,39,0.0817123978424592,0.07692307692307693
market:betbrain_average_preclosing,H,0.1,0.2,173,0.15857672913269008,0.15606936416184972
market:betbrain_average_preclosing,H,0.2,0.3,151,0.24835137754830072,0.33774834437086093
market:betbrain_average_preclosing,H,0.3,0.4,292,0.35551142632340915,0.3458904109589041
market:betbrain_average_preclosing,H,0.4,0.5,328,0.4481273835566464,0.43902439024390244
market:betbrain_average_preclosing,H,0.5,0.6,192,0.547314013731594,0.59375
market:betbrain_average_preclosing,H,0.6,0.7,129,0.6489497256719654,0.6744186046511628
market:betbrain_average_preclosing,H,0.7,0.8,154,0.75166588288187,0.7402597402597403
market:betbrain_average_preclosing,H,0.8,0.9,60,0.8335639754730064,0.9166666666666666
market:betbrain_average_preclosing,H,0.9,1.0,2,0.9058483826425159,1.0
market:betbrain_average_preclosing,D,0.0,0.1,15,0.08679982767224394,0.06666666666666667
market:betbrain_average_preclosing,D,0.1,0.2,287,0.16096558075115436,0.14982578397212543
market:betbrain_average_preclosing,D,0.2,0.3,1083,0.26511055815203216,0.2502308402585411
market:betbrain_average_preclosing,D,0.3,0.4,135,0.3070910054304964,0.34074074074074073
market:betbrain_average_preclosing,D,0.4,0.5,0,,
market:betbrain_average_preclosing,D,0.5,0.6,0,,
market:betbrain_average_preclosing,D,0.6,0.7,0,,
market:betbrain_average_preclosing,D,0.7,0.8,0,,
market:betbrain_average_preclosing,D,0.8,0.9,0,,
market:betbrain_average_preclosing,D,0.9,1.0,0,,
market:betbrain_average_preclosing,A,0.0,0.1,187,0.06979928357168644,0.058823529411764705
market:betbrain_average_preclosing,A,0.1,0.2,279,0.1522379724506031,0.14695340501792115
market:betbrain_average_preclosing,A,0.2,0.3,374,0.25396969336066855,0.22994652406417113
market:betbrain_average_preclosing,A,0.3,0.4,292,0.3426084772859791,0.3253424657534247
market:betbrain_average_preclosing,A,0.4,0.5,124,0.4473811921058197,0.4032258064516129
market:betbrain_average_preclosing,A,0.5,0.6,140,0.5560226891828042,0.5928571428571429
market:betbrain_average_preclosing,A,0.6,0.7,72,0.6376534104110048,0.7638888888888888
market:betbrain_average_preclosing,A,0.7,0.8,45,0.7345172568246048,0.7555555555555555
market:betbrain_average_preclosing,A,0.8,0.9,7,0.8278961134129493,0.8571428571428571
market:betbrain_average_preclosing,A,0.9,1.0,0,,
market:market_average_closing,H,0.0,0.1,38,0.08063735498080463,0.02631578947368421
market:market_average_closing,H,0.1,0.2,164,0.15476908692388178,0.17682926829268292
market:market_average_closing,H,0.2,0.3,241,0.2540441981357083,0.2697095435684647
market:market_average_closing,H,0.3,0.4,271,0.3511995868112179,0.3505535055350554
market:market_average_closing,H,0.4,0.5,273,0.4473089387821181,0.40293040293040294
market:market_average_closing,H,0.5,0.6,211,0.5502628458700115,0.6066350710900474
market:market_average_closing,H,0.6,0.7,153,0.6464924379475782,0.6928104575163399
market:market_average_closing,H,0.7,0.8,108,0.7429953455783556,0.7129629629629629
market:market_average_closing,H,0.8,0.9,60,0.840518207975364,0.85
market:market_average_closing,H,0.9,1.0,1,0.9267790744229918,1.0
market:market_average_closing,D,0.0,0.1,21,0.08605426353432875,0.09523809523809523
market:market_average_closing,D,0.1,0.2,270,0.16204714724279404,0.15925925925925927
market:market_average_closing,D,0.2,0.3,1119,0.26007707096811766,0.2484361036639857
market:market_average_closing,D,0.3,0.4,110,0.3075690182405028,0.24545454545454545
market:market_average_closing,D,0.4,0.5,0,,
market:market_average_closing,D,0.5,0.6,0,,
market:market_average_closing,D,0.6,0.7,0,,
market:market_average_closing,D,0.7,0.8,0,,
market:market_average_closing,D,0.8,0.9,0,,
market:market_average_closing,D,0.9,1.0,0,,
market:market_average_closing,A,0.0,0.1,130,0.06872198898412006,0.07692307692307693
market:market_average_closing,A,0.1,0.2,306,0.15253551113430738,0.16339869281045752
market:market_average_closing,A,0.2,0.3,335,0.25244609449548805,0.25970149253731345
market:market_average_closing,A,0.3,0.4,267,0.3465009249255038,0.37453183520599254
market:market_average_closing,A,0.4,0.5,202,0.443657592149421,0.47029702970297027
market:market_average_closing,A,0.5,0.6,138,0.5488021952733114,0.4782608695652174
market:market_average_closing,A,0.6,0.7,83,0.64552301970108,0.6506024096385542
market:market_average_closing,A,0.7,0.8,51,0.7393534694982066,0.7450980392156863
market:market_average_closing,A,0.8,0.9,8,0.8332257992507012,0.875
market:market_average_closing,A,0.9,1.0,0,,
market:market_average_preclosing,H,0.0,0.1,40,0.08221138718345747,0.05
market:market_average_preclosing,H,0.1,0.2,150,0.15110598420488225,0.18
market:market_average_preclosing,H,0.2,0.3,227,0.2512367551202126,0.27312775330396477
market:market_average_preclosing,H,0.3,0.4,296,0.35072254602639835,0.3310810810810811
market:market_average_preclosing,H,0.4,0.5,278,0.44699589930714473,0.420863309352518
market:market_average_preclosing,H,0.5,0.6,204,0.5509970399353107,0.5931372549019608
market:market_average_preclosing,H,0.6,0.7,157,0.6497187195359387,0.7070063694267515
market:market_average_preclosing,H,0.7,0.8,105,0.744136487067742,0.6857142857142857
market:market_average_preclosing,H,0.8,0.9,63,0.8402269412054053,0.8412698412698413
market:market_average_preclosing,H,0.9,1.0,0,,
market:market_average_preclosing,D,0.0,0.1,16,0.08890232702764984,0.125
market:market_average_preclosing,D,0.1,0.2,278,0.1621125860867925,0.1618705035971223
market:market_average_preclosing,D,0.2,0.3,1152,0.25998188189949123,0.2465277777777778
market:market_average_preclosing,D,0.3,0.4,74,0.30640701713599033,0.25675675675675674
market:market_average_preclosing,D,0.4,0.5,0,,
market:market_average_preclosing,D,0.5,0.6,0,,
market:market_average_preclosing,D,0.6,0.7,0,,
market:market_average_preclosing,D,0.7,0.8,0,,
market:market_average_preclosing,D,0.8,0.9,0,,
market:market_average_preclosing,D,0.9,1.0,0,,
market:market_average_preclosing,A,0.0,0.1,135,0.06798357756592371,0.0962962962962963
market:market_average_preclosing,A,0.1,0.2,294,0.15043911674992833,0.16326530612244897
market:market_average_preclosing,A,0.2,0.3,331,0.2533809826011093,0.26586102719033233
market:market_average_preclosing,A,0.3,0.4,302,0.34834829078453877,0.347682119205298
market:market_average_preclosing,A,0.4,0.5,183,0.44667169248315375,0.44808743169398907
market:market_average_preclosing,A,0.5,0.6,131,0.5453923513294017,0.549618320610687
market:market_average_preclosing,A,0.6,0.7,80,0.6426868877649441,0.625
market:market_average_preclosing,A,0.7,0.8,55,0.7341774197791427,0.7636363636363637
market:market_average_preclosing,A,0.8,0.9,9,0.8151248549111348,0.7777777777777778
market:market_average_preclosing,A,0.9,1.0,0,,
