team_id,team_name,points_pmf_max_difference,rank_pmf_max_difference,mean_points_difference,automatic_promotion_probability_marginal,automatic_promotion_probability_path,automatic_promotion_probability_change,playoff_qualification_probability_marginal,playoff_qualification_probability_path,playoff_qualification_probability_change,playoff_promotion_probability_marginal,playoff_promotion_probability_path,playoff_promotion_probability_change,promotion_probability_marginal,promotion_probability_path,promotion_probability_change,relegation_probability_marginal,relegation_probability_path,relegation_probability_change,title_probability_marginal,title_probability_path,title_probability_change
birmingham-city,Birmingham,0.0,0.0,0.0,0.03018,0.03018,0.0,0.22452,0.22452,0.0,0.02598,0.03004,0.004060000000000001,0.05616,0.060219999999999996,0.004059999999999994,0.06784,0.06784,0.0,0.01116,0.01116,0.0
blackburn-rovers,Blackburn,0.0,0.0,0.0,0.006019999999999999,0.006019999999999999,0.0,0.08543999999999999,0.08543999999999999,0.0,0.00778,0.00986,0.002080000000000001,0.0138,0.01588,0.0020799999999999985,0.1985,0.1985,0.0,0.00188,0.00188,0.0
bolton-wanderers,Bolton,0.0,0.0,0.0,0.00278,0.00278,0.0,0.032119999999999996,0.032119999999999996,0.0,0.00194,0.00468,0.0027400000000000002,0.00472,0.00746,0.0027399999999999994,0.51834,0.51834,0.0,0.00104,0.00104,0.0
bristol-city,Bristol City,0.0,0.0,0.0,0.08488,0.08488,0.0,0.35282,0.35282,0.0,0.04672,0.04896,0.002239999999999999,0.1316,0.13384,0.002239999999999992,0.025599999999999998,0.025599999999999998,0.0,0.03716,0.03716,0.0
burnley,Burnley,0.0,0.0,0.0,0.17258,0.17258,0.0,0.43432000000000004,0.43432000000000004,0.0,0.1133,0.10578,-0.007519999999999999,0.28588,0.27836,-0.007520000000000027,0.014580000000000001,0.014580000000000001,0.0,0.08362,0.08362,0.0
cardiff-city,Cardiff,0.0,0.0,0.0,0.0018800000000000002,0.0018800000000000002,0.0,0.03266,0.03266,0.0,0.00204,0.00342,0.0013799999999999997,0.00392,0.0053,0.0013800000000000002,0.42796,0.42796,0.0,0.0006,0.0006,0.0
charlton-athletic,Charlton,0.0,0.0,0.0,0.01378,0.01378,0.0,0.14282,0.14282,0.0,0.01114,0.01476,0.00362,0.02492,0.028540000000000003,0.0036200000000000017,0.11662,0.11662,0.0,0.00506,0.00506,0.0
derby-county,Derby,0.0,0.0,0.0,0.008879999999999999,0.008879999999999999,0.0,0.11094,0.11094,0.0,0.0114,0.01518,0.0037800000000000004,0.02028,0.024059999999999998,0.0037799999999999986,0.16286,0.16286,0.0,0.00262,0.00262,0.0
lincoln-city,Lincoln,0.0,0.0,0.0,0.03782,0.03782,0.0,0.13906000000000002,0.13906000000000002,0.0,0.01274,0.02522,0.01248,0.05056,0.06304,0.012479999999999998,0.2923,0.2923,0.0,0.01806,0.01806,0.0
middlesbrough,Middlesbrough,0.0,0.0,0.0,0.2914,0.2914,0.0,0.46201999999999993,0.46201999999999993,0.0,0.10342,0.0868,-0.016619999999999996,0.39482,0.3782,-0.016620000000000024,0.00282,0.00282,0.0,0.1603,0.1603,0.0
millwall,Millwall,0.0,0.0,0.0,0.15044000000000002,0.15044000000000002,0.0,0.43468,0.43468,0.0,0.0779,0.07322,-0.004680000000000004,0.22834000000000002,0.22366000000000003,-0.00467999999999999,0.010979999999999998,0.010979999999999998,0.0,0.0722,0.0722,0.0
norwich-city,Norwich,0.0,0.0,0.0,0.10289999999999999,0.10289999999999999,0.0,0.39036,0.39036,0.0,0.06292,0.06376,0.0008399999999999935,0.16582,0.16665999999999997,0.0008399999999999797,0.01828,0.01828,0.0,0.04534,0.04534,0.0
portsmouth,Portsmouth,0.0,0.0,0.0,0.008539999999999999,0.008539999999999999,0.0,0.09058,0.09058,0.0,0.00774,0.01008,0.00234,0.01628,0.018619999999999998,0.0023399999999999983,0.19894,0.19894,0.0,0.003,0.003,0.0
preston-north-end,Preston,0.0,0.0,0.0,0.00126,0.00126,0.0,0.0286,0.0286,0.0,0.00178,0.0035,0.0017200000000000002,0.00304,0.00476,0.0017200000000000002,0.40199999999999997,0.40199999999999997,0.0,0.00024,0.00024,0.0
queens-park-rangers,QPR,0.0,0.0,0.0,0.02346,0.02346,0.0,0.19541999999999998,0.19541999999999998,0.0,0.01802,0.02246,0.0044399999999999995,0.04148,0.04592,0.0044399999999999995,0.07634,0.07634,0.0,0.00862,0.00862,0.0
sheffield-united,Sheffield Utd,0.0,0.0,0.0,0.07324,0.07324,0.0,0.34492,0.34492,0.0,0.0522,0.05474,0.0025399999999999937,0.12544,0.12797999999999998,0.0025399999999999867,0.025759999999999998,0.025759999999999998,0.0,0.03078,0.03078,0.0
southampton,Southampton,0.0,0.0,0.0,0.30588000000000004,0.30588000000000004,0.0,0.4631,0.4631,0.0,0.13,0.10962,-0.02038000000000001,0.43588000000000005,0.41550000000000004,-0.02038000000000001,0.00274,0.00274,0.0,0.16794,0.16794,0.0
stoke-city,Stoke City,0.0,0.0,0.0,0.00952,0.00952,0.0,0.11326,0.11326,0.0,0.01014,0.01222,0.0020800000000000003,0.01966,0.021740000000000002,0.002080000000000002,0.15576,0.15576,0.0,0.00308,0.00308,0.0
swansea-city,Swansea,0.0,0.0,0.0,0.0824,0.0824,0.0,0.36544,0.36544,0.0,0.05196,0.05316,0.0011999999999999997,0.13436,0.13556,0.0012000000000000066,0.02172,0.02172,0.0,0.03488,0.03488,0.0
watford,Watford,0.0,0.0,0.0,0.009519999999999999,0.009519999999999999,0.0,0.11808,0.11808,0.0,0.00852,0.01282,0.0043,0.01804,0.02234,0.004299999999999998,0.14780000000000001,0.14780000000000001,0.0,0.0034,0.0034,0.0
west-bromwich-albion,West Brom,0.0,0.0,0.0,0.09898000000000001,0.09898000000000001,0.0,0.39332,0.39332,0.0,0.05626,0.05372,-0.0025400000000000006,0.15524000000000002,0.1527,-0.0025400000000000145,0.01668,0.01668,0.0,0.04218,0.04218,0.0
west-ham-united,West Ham,0.0,0.0,0.0,0.23784,0.23784,0.0,0.3889,0.3889,0.0,0.07722,0.07502,-0.0021999999999999936,0.31506,0.31286,-0.0021999999999999797,0.01882,0.01882,0.0,0.13684,0.13684,0.0
wolverhampton-wanderers,Wolves,0.0,0.0,0.0,0.18919999999999998,0.18919999999999998,0.0,0.36182,0.36182,0.0,0.06658,0.06506,-0.0015199999999999936,0.25578,0.25426,-0.0015200000000000213,0.032920000000000005,0.032920000000000005,0.0,0.10636,0.10636,0.0
wrexham,Wrexham,0.0,0.0,0.0,0.056620000000000004,0.056620000000000004,0.0,0.2948,0.2948,0.0,0.0423,0.04592,0.003620000000000005,0.09892000000000001,0.10254,0.0036199999999999982,0.043840000000000004,0.043840000000000004,0.0,0.02364,0.02364,0.0
